0,1,y,2
1.589942491015752,2.977770182154199,0,1.9538050250085766
2.9084373156503323,1.8375217330000926,1,1.5100494997998521
3.2840910733121893,1.8184759245528672,1,3.3072868725014164
3.1487172391165172,2.071990961172242,1,3.4520210049171673
2.116881357227596,2.133873697319462,0,2.1578696437218867
3.2532944165017215,2.0316814098836686,1,1.7671618714412665
3.1321694901201327,1.9855423045527654,1,1.5849407820896468
3.014828823672384,2.0768815442599102,1,1.6094635233094423
3.0679344627906477,1.8495047253536756,1,2.3432663912230822
1.0586445194659873,1.9703464396282082,0,2.1743892660766857
1.809377035931379,2.787612193897815,0,2.7402142150891757
1.2049986978433207,1.9372058541261916,0,3.1943538167168404
1.704282186099337,1.3512139546553532,0,1.5411281631409688
3.2429514247321074,1.9550183788255082,1,1.9281026869472297
3.166249384627909,1.7849404962784656,1,2.6293749619267595
3.5169945436335333,1.8443012967516155,1,2.06573672571984
1.1500721408309709,1.83991990806825,0,1.5816174488759676
0.9550177842762672,1.5700544556425864,0,2.102669856604606
1.446028085658675,2.67140364192504,0,1.9473949645371187
1.5249234830637262,2.923899673641339,0,2.3217620618879873
3.0061125973473097,1.8532617592909284,1,2.042866439848295
0.8249202020961985,2.311513655305795,0,2.9484249753934346
1.8772074577712836,3.1017773535389246,0,3.198273669600489
0.7846243327757194,1.9308426124459248,0,3.2479064264106725
3.1598069202685517,1.9444966301244133,1,2.6349476444564592
1.3600785249216487,1.8610515913743804,0,3.42127971557367
1.8586885083145033,1.2696149812072908,0,2.065252493433782
2.878425337553143,1.9234563260655406,1,2.3139710575796286
3.0496321091530376,1.8268048491906734,1,2.3817531223661073
3.2817141255448647,1.924182918551971,1,1.9631959115652817
3.1142541827908112,2.25924940708495,1,1.650109683879883
1.9698572838284885,2.782782789099537,0,2.4598208787886335
3.0364249692690275,1.8851583264454719,1,2.2478119133363004
2.9586909724638635,1.9178006271888293,1,3.233691361587491
3.1177495328347304,1.8325903735892157,1,3.3951599618314656
2.831648141424784,2.151067673511856,1,2.0657887549368477
3.496301786573893,2.08971487325712,1,3.349599566246237
1.1659447469137627,1.8355399105499681,0,2.5395924538305406
1.8639090837224952,3.3178679636906896,0,3.4410043535445016
2.0499356624639167,1.3477353792024447,0,1.800017358340138
0.9725801327472656,1.9757364506403616,0,2.7178672387718468
1.922287356253789,1.1410950452745066,0,2.471438548838135
1.6266372499745831,2.8698604262280694,0,2.363326297864114
2.386925826224824,1.4019544053809874,0,2.3140137573169737
1.998178726538032,1.4515472323354925,0,3.0818997890638427
1.9857887892366692,2.325346970996162,0,3.1548667948617792
2.9743891412026766,1.6839666328060878,1,2.427646651832437
1.0255954427695073,1.7575202835077222,0,2.9048335911246466
2.2518991593293567,2.392744738047419,0,1.6403966936121004
3.0667327894425798,2.145405395361208,1,3.3927437293373357
2.130801732566774,3.053151852892521,0,1.7644809439004223
2.977299672288738,2.0184528010290133,1,3.120442619836092
3.0345605451729956,2.157217513890373,1,1.6925460050602121
3.107094811469309,2.1042003686177875,1,2.065597117621617
1.5563265293677615,1.2550079759337467,0,1.5630401447049054
1.9412904406559295,3.1180269219725996,0,3.0777419431732094
2.9795333749070028,1.890221403737617,1,3.4654882235472177
2.8590614817397064,2.059243695548496,1,1.5054402936673754
2.067227744543125,1.2037777202345383,0,3.229769330998791
2.0656891747567925,2.547453510439554,0,3.3831526045355345
3.035435845179893,2.301270951647255,1,2.4710496772211803
3.203024124317926,1.9402509480677559,1,3.436801204431571
3.06339574717433,2.0442078879353454,1,2.230182541614182
2.0200972151674614,1.3547817653112297,0,3.2347502933036525
3.1948874199463297,1.8135692620905297,1,3.2203918704984527
2.613772926200632,2.0445740035712334,1,3.217787767601586
3.1630402793584844,2.195744403318563,1,2.204354510021696
3.244799000074169,2.1056504314781117,1,2.3311823305055244
3.137035909512492,1.8312203258393416,1,2.333172557342331
2.9716775956111627,1.9589558584410098,1,1.5142100841823944
1.1057514905070638,1.8288945900758957,0,2.592255971269696
3.1236451837661416,2.029243263861828,1,2.8714560000656233
2.6540040743061164,1.8101545332365283,1,1.8516894038411746
2.3418666608076406,2.6837914106341563,0,3.47447002358572
3.327900452663597,2.0174992626754253,1,2.1948931232776747
3.002306880252523,1.854780710322151,1,2.8801003442887625
2.0245488075642695,1.1703331040426572,0,2.307752047366103
1.7656530865606657,2.722059957769746,0,1.7021142682434738
1.756731819139925,2.9100442129856323,0,2.5488716616510354
2.8002482549283063,1.8942024914126228,1,2.4816574953490034
2.03216238861204,2.7043460933515804,0,3.432733134319421
3.326337834140036,2.167750720518969,1,1.664832393399289
3.183361326706434,2.3081138662153964,1,1.8824234170770984
2.6107620605545376,2.9406934234445403,0,1.647049061191891
2.0849863614638426,1.1223285078887768,0,1.683078943783139
0.7162761817909657,2.1824738575054905,0,2.929222397657129
2.926682230927351,2.1087621566671264,1,2.0735631898690645
3.0305895028005496,1.9539427488612349,1,3.364192591703538
0.7494571295109931,2.6268616165084318,0,2.1828101498352144
3.059240494019544,1.7195402507067514,1,2.6636140020395764
3.2308229658526084,2.04860546640598,1,3.300111876269006
1.643670428024742,2.6808030242345913,0,2.731361937511996
3.3560994714338834,1.8843771795906965,1,2.776465062629586
0.7365030768460783,1.8865976302945349,0,2.7074124065234093
2.749224537925956,2.813801916020902,0,2.567787265021347
2.9105555594699015,1.7133261012109269,1,3.2175334803305837
1.201459351518716,2.4584094078163496,0,3.123302454772845
1.9167367231053345,3.1873821517047634,0,2.521728735269432
2.1351487171334105,2.7214725129336714,0,1.7452236687141713
2.248821674355047,0.5366594072976344,0,1.7164711815540308
2.348949125646488,1.2030699183058762,0,1.5426836999903428
2.1200707566580324,2.860495871538776,0,1.7345860942383382
1.2850047486008938,2.07290141661632,0,2.385401467321408
0.8644151884264367,1.7631984482840977,0,1.8857438119129355
0.9958486761717288,1.793081667780748,0,2.200167946776279
0.6974335947771375,1.4112122924982264,0,3.49113955402321
1.4430803278354822,1.6496661346196195,0,2.271885151134119
1.0771596911067782,1.927800447640936,0,1.5746090797296648
2.827142347704618,2.2802790782109637,1,2.8523558537180564
3.198333153743268,2.2708503317174396,1,2.0079399956504593
1.9295227185437076,2.5319454722442156,0,2.7700076097325064
3.0611853382191434,1.9254421269746476,1,3.243553484616927
0.9472436786703786,2.4984410497184055,0,2.994767398531357
2.1682758343823716,1.1113559045912518,0,2.685427895570453
2.2045674468878933,1.7540121977208099,0,2.351551520737523
3.3432810621677578,1.9220248781412161,1,3.471481682651779
3.0059423731828976,2.181125479242788,1,3.232167414312644
0.6884368537468083,1.5106172553617163,0,2.866681963626016
1.767963246789971,3.3696204944065715,0,2.0242655336236655
2.819049125360407,2.3066722335799916,1,3.4339332625787677
1.104302945061501,1.8538314307659343,0,2.4812684794802538
3.007483695772044,1.7978006323449247,1,2.654509655580089
3.0774297787757527,1.9005253114810725,1,2.333275397260773
3.157781897838903,2.1681028559633893,1,2.4057079418313863
2.9441333247448394,2.253132208285519,1,1.607861615140648
1.500167233465341,2.4569715865136774,0,1.8559176701680646
3.257831673393559,2.0146151165445954,1,2.254928028743791
2.004178787573884,1.192762473866999,0,2.4511958006220476
3.020650237869531,1.8386395027337583,1,1.6931553149908511
0.8367657993657422,1.9511621281783118,0,3.4371834937896404
3.3151001505595694,1.8670041246193103,1,1.7713944744333043
1.7751926931731667,2.733539020724878,0,2.3127419729631082
2.7466444764808964,2.236187953664351,1,1.5020232418646526
3.2075895315674825,1.87109011837742,1,2.732884681242714
2.967727225152187,1.9113176571136439,1,2.8848538356798756
0.8258055092338147,1.8165844257834116,0,3.068780756921698
1.1172087762784433,1.6020583615066752,0,2.3499990361801686
1.0677284569335264,2.005283975580097,0,1.862521459520434
3.0912354821503767,2.1239604975995787,1,3.1083562353841305
3.2824009808367216,1.892101746978774,1,2.311117668147387
1.9776699712699861,1.3862016292652033,0,1.6138521277135993
3.2009135180799135,1.823214082284474,1,2.4379022563528796
1.9267530094128054,1.4892261504865072,0,3.122180001771296
2.993867157205884,1.9191814543134933,1,2.0678385200472684
2.8521635983969764,2.1450434968017227,1,2.2122881469219413
2.979022025131516,2.2515800764949145,1,2.9329493847770403
3.0652197240061314,1.9486973981292837,1,3.086360469823733
0.7313961032910927,1.8775697482519338,0,1.9164867596196624
1.852412928539155,3.19841706669609,0,3.3384107835354815
2.285391873289845,2.9580693770997377,0,1.701167178428296
3.23574430622413,1.9661289876385937,1,2.045086271280786
3.107364209695851,1.797243870196303,1,3.4220076641012573
1.669044685630072,3.046166050866369,0,2.0783327845374493
3.2159271757815584,2.1174739831665517,1,3.3498145144391502
3.2681450535421566,2.120836205420926,1,2.997525585005455
1.4258809013540912,1.8198729302783885,0,2.654871173980788
3.1774244534389706,2.159813708539637,1,1.9999967810884824
3.1396722527427063,2.0095553539648656,1,3.1946724744655084
3.105957073257945,1.7865684638282668,1,3.161549473254012
3.2032307959679325,1.9334589754688922,1,2.6047242130073576
2.1288854657397756,1.2623063061489332,0,1.5446035372876301
2.035874110524246,0.9080793177355333,0,2.1215155238448613
0.8602583292645511,1.9547486865299915,0,2.7154801908340076
2.992890232302673,2.176762897634558,1,1.6104957363219723
3.163365245935216,1.9300717082080665,1,2.34869495132802
2.6184510729909194,1.5625098691779427,0,2.6710553877562893
1.7288894417809615,1.2973077845164809,0,3.1464485791654235
1.7045020622548954,2.859604002864222,0,2.3185288854888726
3.134435896161138,1.8913454552294808,1,2.3542015828979057
3.0083498313865555,2.119451002962325,1,2.8833329916475035
2.9083845094231986,2.173487247739136,1,1.52158573653763
3.200690520505803,2.1119035929474226,1,2.9066727537725
2.2124326030065773,1.4870106950383752,0,2.1195361645971547
1.192143938560247,1.9428490682006565,0,2.982202441431361
2.95826369159724,2.096869646240557,1,2.0303931334329635
2.992001570016709,1.86139057889884,1,2.882407440484873
2.945912216874231,1.7598228201782642,1,2.5894949955095443
3.0409843155588177,1.7136203811534136,1,1.5530949320732785
2.373369548106577,3.469449673308324,0,2.848645513661732
1.6281313141759282,2.349138817395283,0,2.6081783426083907
2.9927789111512797,2.269178727258832,1,2.254918453472937
3.2831942418527724,2.0200937570870354,1,2.0516009555973724
3.1214485952213824,1.741098407199985,1,3.4325179963636474
3.0573718176767835,2.2351687264693494,1,3.2105592489473196
3.1273420335306805,1.8028700705565337,1,2.9041097234094195
1.6983195872931602,2.90804925518373,0,3.3941567422530072
3.166347530224673,1.8873905589491602,1,3.059978618040935
2.1828578135625802,2.3333878798476273,0,3.0316207989517974
2.1936127848755445,1.6105894672597045,0,1.6747355823036885
3.133589031091991,1.7080212070461704,1,2.1985466395542135
2.9830937012109824,1.902216712620293,1,1.9548701385481986
2.935144116320221,2.2694997802512527,1,2.2227584774831746
2.880954634718617,2.0281912664649133,1,3.3990579590829206
2.906574989541403,1.9547630288313342,1,2.988567557439015
2.1212638595831996,3.0147618234072877,0,1.7917140343635078
2.024831871135628,2.81103484995227,0,2.686052405717878
1.7019231453217891,2.840777370165504,0,1.5752142905199227
0.802649633844359,2.256357568119985,0,2.3744118186541345
2.192816827960263,1.5987457590397294,0,3.35244388435222
1.332927749618841,2.6445792941574826,0,2.0337622989164936
1.9976082076050148,1.6439832416670077,0,3.0745274840716013
3.0942514246453943,2.1228148956273225,1,2.1486073494764333
1.3617983549640447,2.233222205829353,0,1.5002602573538217
1.862102968318101,2.476047265665554,0,1.9280979742669668
2.875415140827374,2.108976743350409,1,2.820507521766108
2.2458119804418217,2.9271668447331955,0,1.6031391179457761
3.1421845738327905,2.2234399114171475,1,2.761550929385579
1.4129489350058613,2.0939396420039467,0,1.895899645439602
2.025351543707859,3.0393983648836707,0,3.302701661440098
1.38489276281474,3.02175414841047,0,2.79972711480056
3.067911030047325,1.8534581390927176,1,3.051007440187016
2.1641292143510116,1.1393422042698318,0,2.6668480711250053
2.2925359200253252,1.1558827855493583,0,3.373715201610744
1.3289407701432652,1.8122968137511362,0,3.0441871342700946
1.8039611312825579,2.684037515230672,0,2.0347723553523367
1.52167170236169,1.0201874931138681,0,2.376261084060613
0.7108723221368167,1.7128547255314872,0,2.107265620879625
3.3085382991267984,2.268101962164474,1,2.4982614199142565
3.2742254572722964,1.97226848656321,1,1.5441790568984468
0.9018948047170687,1.9359629661948685,0,3.153845536870153
1.945131067668548,1.6124629257444554,0,3.2534104435764273
3.2501230746652623,1.8827491891479669,1,1.6437123415672223
3.031348451051735,2.160721389538184,1,1.8869101436680062
1.973079291713832,1.6320351646348419,0,1.901095082527569
3.0243552976281065,1.9088264161076562,1,2.620500576035079
3.0452078712694175,2.3581951558287098,1,3.4077758762473795
3.153500141087477,2.3355456615592445,1,2.984346926251547
1.0773257620428252,1.6274718273555127,0,2.454408529524664
1.8510404793554094,2.453952272204565,0,2.8221762516130284
1.6374314209050884,2.399401718596521,0,3.1765758270653306
3.0875366008385225,2.0973322888855757,1,3.2898726987617612
3.1711950228350188,2.106138773296193,1,3.330426865889614
3.1547753501572484,2.0367345952569096,1,3.4767747977167356
2.8467948512203485,1.9098878104042147,1,3.1820666408316436
3.197035678488485,1.8973339396870725,1,2.753021482285238
2.325259473213063,2.8630909120665984,0,2.570745866074172
2.005530179919618,1.3042745116085013,0,2.5728460459287206
3.1458498352963895,1.8903118146780564,1,2.480693452438519
3.2922075097185455,1.7165444774567682,1,1.9896000667586102
0.4271931737478122,2.395490697455801,0,2.143399644366788
3.3117035292618437,2.1178018404515426,1,2.7385046221670453
3.346803242840612,1.9647252682623355,1,2.7888110272320015
2.901207794207134,2.201915513579372,1,2.164537329292375
1.5216698991392736,2.293657415234539,0,1.732395388994913
3.1029399424866444,1.8796354940202744,1,3.35239692084184
3.098196395663022,1.964066621159435,1,2.9453770091551714
3.1730112253237093,2.02959701184354,1,1.652714338992068
2.4897233911794907,0.7709575866118101,0,2.7424351028250094
3.134272326657729,1.9870756843850759,1,2.700384056456813
3.2764799880681648,1.9124416799656099,1,2.594814435591108
3.011290790524293,2.233279780122101,1,1.8722832598918349
2.088569772512181,2.7285298974833148,0,3.269661490222898
0.9310601108274419,1.744578069721906,0,2.666178274552289
3.1536492049946636,2.009675895929386,1,3.4710825288394025
3.002283617520448,1.7199949119794087,1,1.820543030664458
1.6617511703140884,3.1383726979760707,0,2.341444968891591
3.189725822550219,1.8536700596578053,1,3.2593386995863227
3.140046367469134,2.2517860946523136,1,1.6582059921414412
2.9063586670760166,1.9389538450439943,1,2.267580150418773
2.081473651158612,0.8169754272539071,0,2.2211506030727497
3.3308713518715978,2.235859731540549,1,3.3098406437966617
1.4894293309944993,2.631598601067338,0,1.81107300367156
1.6961506638996728,1.294274199778582,0,1.6595709594337302
3.079933094121814,1.8709342297899751,1,1.9627491146399234
1.3947983605632768,1.9503022225047575,0,1.8018404191054211
2.7933056494298096,1.9131523670090143,1,1.6747347171483415
2.9610641331117176,1.960732891648594,1,2.621424386006152
2.5974111255250714,2.9178740531644647,0,1.8066530944134793
3.01701384972403,1.9139445283561023,1,2.936972939623571
2.937787992889107,2.0503770897080105,1,1.505728168526029
1.263825112341221,1.6767871769045726,0,1.8590261121448053
2.920306305648901,1.936014312075414,1,1.8493302274492949
1.8132051914796645,1.2583822365711728,0,3.380028392710208
2.331180064010572,2.723115752724528,0,3.243706788141992
3.5297818034628943,1.8647011025835205,1,2.137539572287265
2.864287000249255,1.860144313522702,1,3.4779018771254235
3.1370907178163137,2.1329869239136476,1,1.9942492157870801
3.101886365440047,2.1301091739496965,1,2.859242307746844
3.191385824633463,1.9502202707267031,1,2.1305582852176075
1.3601594975421618,2.042107960954414,0,1.5586691743002383
2.900648854416483,1.8886507980685143,1,1.9078230844227788
3.183309829097761,2.1624892664441457,1,3.012535773253658
2.570357205725902,1.1818017558556138,0,1.5431602001437585
3.343964610191329,2.0354064595736556,1,1.511386522314877
2.2945296460974784,1.1025505849474133,0,2.5915237191705813
2.8791468907733835,2.110092571754636,1,1.860156892558405
2.922257208816089,2.240740175263085,1,2.6813093455725188
2.0972251908184383,1.084475315875105,0,3.3365799972237937
1.4243686354102876,1.192045837365235,0,2.726469217852161
3.039444484900314,2.1243723552589313,1,1.9585596466034632
3.2572599831720312,1.9878399341846875,1,2.3786944061961206
3.047776390477403,1.988761016582233,1,3.039044213686574
3.048836060178759,2.1532944732590007,1,1.7587620637119847
2.9262095104510775,1.7276526536181773,1,3.0105927364182725
3.1429580115933087,1.9717107756278767,1,2.9532375225374743
3.2505048839093718,2.0822694910310857,1,2.0031258670264576
3.1550799698163083,1.9952792944694475,1,2.6694658123200297
1.0569118502831187,1.8014053466610174,0,2.999718561114708
3.0710527948358965,1.7326827377022758,1,1.954482565998502
2.2467634736309567,0.8337469050086933,0,1.9189586529311002
2.7474316221063457,2.2509302302847796,1,3.288648210852725
1.8076657219326067,3.647299177300914,0,2.9375082143366766
3.236025121955939,1.7822247882247348,1,2.36125256026805
3.1505354895964923,2.0678411566472867,1,2.3917232276844036
3.0363102750966786,2.059645625266442,1,2.7692294742279526
1.556650994438279,2.0672704233605876,0,2.679625229891914
1.303905320530873,3.0347889478949552,0,1.9253264918520323
0.7414890789231225,2.0090094437492247,0,3.1721274525361003
3.018075084367297,1.7878305482950518,1,2.4927353732389275
2.102498069585788,2.7186055065795105,0,3.4543411282299123
2.269600748101752,2.811308971937177,0,2.5315537651718776
3.224574720097893,1.8641304179943279,1,3.2953772623263786
3.2756678597106355,2.01612875006462,1,2.3600116775325573
2.9195992738342014,1.851497942914529,1,3.0808514923760733
2.246618047998347,1.7690378947961842,0,2.7069189273963365
1.207857275271231,2.1747713956426415,0,1.8542201375593907
2.98864204443539,1.98260043915177,1,1.5349140306898974
1.640082420472936,3.0096759055242366,0,2.473387906741876
2.72614155226254,2.0989774418156846,1,1.782706098508752
3.206411647087991,1.9789169771746353,1,2.665170491339763
3.4659811700478254,2.0451863720137085,1,1.7120806442738687
1.2989711531738342,1.8600513862315406,0,1.7955875990432106
3.2151219016831196,1.9997428769496404,1,1.9757659222961728
2.919412952655043,2.03378850229754,1,1.604420174884791
0.8883042841186232,2.131193956111688,0,2.2252079951644097
1.8995674003680378,1.078905461027401,0,2.5564484817304614
0.6348151923338562,2.0478387520412387,0,2.504332694208676
1.1373318598455657,2.502347730004261,0,2.277168449538524
1.5345463252823213,2.998615550427542,0,3.4568231028412977
3.0846845411662844,2.0056329614990847,1,3.3177553944567286
1.2061197387576748,2.4399622577835807,0,3.0262891327115193
1.49344844357945,2.4639857732590382,0,2.48627688073278
3.171464525007569,1.9770109169901042,1,3.2192053420060684
2.9785412746349076,2.0281700507063785,1,1.5135323512459922
0.6287720085332282,2.032822541549891,0,2.2747455643520693
0.7544714002173996,2.459710317403435,0,2.6374946215315767
2.977098761089814,2.173770799470999,1,2.5676868310636376
2.920993634718503,1.7250244322451909,1,3.3191473015585036
3.132807739921223,1.9749777888952411,1,2.9329555600724553
3.101825452342436,1.986068824791042,1,2.413142832412239
3.387790950081431,1.9470103796842764,1,2.943437334139692
2.053974310863925,3.051349160568844,0,2.437854726409536
1.709907157061236,1.185686593157406,0,3.101787941595677
1.6797138711852218,1.157286154493612,0,2.0956866091686743
0.7408351118230702,2.3838394794973254,0,3.2546021071770657
3.1907699523638424,1.957957593038423,1,2.1465355321034316
1.773810623339997,1.1157974769399677,0,2.262374394999026
3.104839721615688,1.8659250169041366,1,2.276831601429347
3.275082659995656,2.2382670764360166,1,1.9858824873836398
1.8663049090910016,3.4161456070259786,0,2.2933830069043166
2.899514724952762,2.2004986036638474,1,2.9868078007570493
1.8557498631464062,3.0088503991477866,0,1.863624390547918
1.695253454306481,1.2185039549543915,0,2.0534595496685206
2.922702700589767,2.149396051826967,1,3.212409008399284
1.5310897080286239,2.4461621006476655,0,3.4836588917933455
2.2168480684956537,2.8335397474610162,0,1.5851972197173145
2.2089162342370146,1.4865915625711532,0,2.7309887219892337
3.071037688899008,2.157547932841453,1,3.3439956111949236
2.7897436426853455,2.013409291839742,1,2.9173115863498658
1.0702073363059443,1.9254414145776653,0,3.1673070673606682
3.3150749257989767,1.793405676609185,1,1.8253134886005655
3.2109916077068976,2.251962107333229,1,3.309826143118427
1.3740675146604158,1.9813987971901905,0,2.290775001077127
1.0216110583851234,1.9363373090296545,0,2.1650174169217964
2.044836826898993,3.031225062885636,0,2.017892893883043
3.1131960320693755,1.9339588044723794,1,2.2553021454119184
3.084428127339555,1.8229309272151877,1,1.7426418684972764
2.85846053218123,2.1129784924598822,1,2.065047024497982
3.083222934387053,1.93209647772357,1,2.531009014272942
3.071004366032805,2.2207377623854843,1,1.9429348430303652
1.9625339343949797,2.8047093387873274,0,2.902548404052171
1.1360526137663403,1.705311789723596,0,2.7963387252117204
3.0515386385984464,2.2003355683305132,1,2.455777262735916
1.1612889708849639,2.1284558743431727,0,1.6687349866417498
1.8458399247989918,0.8822359434333145,0,1.578440954065374
2.9897783653698715,1.7901157611163052,1,2.044758672911548
3.4076870414904197,1.8959293373147266,1,2.316593951369601
1.004685500184881,2.270683152135994,0,1.7501092604629678
2.9982498055996762,1.9078784703129223,1,2.5395185589554448
1.7998432745667483,2.5801093302628724,0,2.614296868035415
3.173800608115444,1.8303397055097543,1,1.50786087711556
2.0718882554716993,3.0199162844397995,0,1.8494149227247336
2.026104944117716,2.4891569284074406,0,2.9119162243104544
3.1245171619926215,2.019327443203387,1,1.7013384792544173
2.1443027695210137,1.2671652072837394,0,1.7047005462992295
3.170922260489175,1.5916318788512092,1,3.18383818034047
2.9188360911184974,2.1213669186097066,1,2.1857452484874846
1.6406100712348215,3.066123932933886,0,2.094120057873222
2.327055041306134,2.5755711806135055,0,2.106107031310314
0.6457561554073465,2.3342965084006617,0,2.0882665156950395
3.1173395108019863,1.9955350267495398,1,1.9644217836106421
2.9742249075424074,1.8886269833345601,1,3.489779532370256
3.1888494320520016,2.0148970722427024,1,2.645765983772554
2.8831722778382014,2.054287140609579,1,2.718896874679828
3.2710101769742743,1.874436479957744,1,2.067664415925873
2.7616313003357877,2.0646514538195113,1,3.2164492544955188
1.149062077152279,2.320931436495155,0,3.337974070741619
0.9307400878465693,2.4359781989963105,0,3.1494849182983824
3.0418628663116647,1.75019230426385,1,1.7795162469051902
2.978420705526756,2.128546330547418,1,1.871225028648805
0.7946110522719988,2.2371876797488306,0,2.507773233222488
3.0054312318721785,2.2455623611989113,1,2.1592856654303922
2.9510696941931953,1.9176142020031137,1,2.9815326942224045
2.7422329451960445,1.9152111891184393,1,2.809702247323803
2.8630845551923603,1.8773162236792242,1,1.8964453198543039
3.1560300525117655,2.2183151725872987,1,1.780527973420176
1.018025798384549,2.116493601627035,0,2.0862747956051955
3.160755307878357,1.873167173546808,1,3.09380432178376
3.1861579526700816,1.9253945700289605,1,1.9212573383479183
3.384683093898806,1.9829281192379362,1,3.179210363814471
1.7318761942748857,2.6836105093277642,0,2.83620674947721
0.6539948468212122,2.3411943627094187,0,2.895847906496142
1.2434189663474777,1.6555210133742144,0,2.656403728571851
2.982978417791834,2.1102903964962483,1,2.8151612892529694
3.117656112769144,1.749235809000775,1,3.0188564739593016
1.5103955344920748,2.52851565011858,0,2.1788538505468242
2.5147722893398083,2.770742384876313,0,2.389463256453113
2.9799665896900147,1.9170960569324755,1,2.7580991429323385
1.9927301498390924,3.1607353743949216,0,1.8570466234489142
1.5413044329360228,1.9427288624818104,0,3.1616104518221158
3.1274519392467224,1.8512709438343051,1,2.400894414414658
1.6568821378038014,1.2325679117329569,0,1.6345297477334988
0.962880195970073,2.1373416829777354,0,2.4563266280784655
1.8213016117869523,1.612331427951245,0,2.83050197647475
3.041192832599933,2.0042480395516646,1,3.092387575714769
2.056798492187712,2.889173282014037,0,2.8069240236201773
3.1987214554003844,1.9407074677975729,1,1.6941337043089366
2.9994185257874975,1.9772903762087886,1,1.9264833604297609
1.834442556232266,1.9674597857004756,0,3.2988740925416
1.7395217115205004,2.829343987927992,0,3.260192997627027
2.2862005290479606,1.3954173753917394,0,1.9833605180551785
3.1675233450919973,1.984346232584287,1,2.0355150966753675
1.9456170203536254,1.6629517900281205,0,1.7922649745818304
2.159268294264785,3.0574417212802047,0,2.855405279285053
3.2186710006533827,1.957280666502885,1,2.046540814295234
1.6936301548607862,1.412506934189806,0,2.4484266185266064
1.9950731311781744,1.5565179820344253,0,3.1475437008943827
2.1426765307785747,2.2759312925963333,0,1.538102509859286
0.5962387229580355,1.7542226420835507,0,2.334630861645545
2.864051611439071,1.8421179212194834,1,2.466562706461384
0.8916068314098129,1.9807447516133543,0,2.1106046022583467
2.092649903779689,1.7106644833905713,0,1.9123489796284612
3.3019857493915445,2.216550547874936,1,1.6868896479596533
1.6727100709354406,1.0767557136136245,0,3.3084863389456975
1.5777464915846537,0.9666549937227373,0,2.384900280193357
1.7611589590440513,2.5149809507601617,0,1.7313476001640709
1.0515518019380594,2.1659753659954353,0,2.979788893982899
1.9253926621449358,1.6822036728059977,0,2.218200669159632
2.9966332303417316,2.070153515578833,1,2.176159886859142
3.0755944447646364,1.8693210454988554,1,3.3541254075902773
3.069609134062289,2.147000635420084,1,2.9360741595249786
1.454918216576072,2.180635496117745,0,3.2154044541741635
1.1785088397506693,1.8327730840675036,0,2.7330574204024596
1.5816514793422214,3.116167465688765,0,2.761406042664201
1.5781047608984498,1.1750683282113916,0,3.1916507225637245
1.049428252370955,2.0152663105568056,0,3.25046808168286
0.7828029004772172,1.9413828946468927,0,2.8787854724179143
3.0417239399321723,2.123833561230435,1,3.268467035755137
3.3177889948472084,1.8578703888541832,1,2.3933098529419903
2.3905223868196392,1.6684533590180557,0,1.674699904850012
3.1292615388133904,2.0806218056909644,1,2.3218843468743
3.226416104514854,1.9191910579480338,1,2.5241458420048932
2.138081487494691,2.858452702081041,0,3.4615412639336336
1.4387624236922432,1.0945459547876073,0,2.220671603383981
2.1792200209549573,1.4103518226932694,0,2.3962457341536565
2.1304823115103697,2.681803995627064,0,1.965382575976636
1.595546886371753,2.8047046709414873,0,1.5991706265269068
3.192241695854707,2.0764524615863493,1,2.491474779010053
1.8109925061398318,3.0195866507529536,0,2.18307978769776
3.0231116804532236,2.1024818606001605,1,3.472479908015572
3.1804583828271364,1.7493279252806977,1,1.5939419424229373
1.3205138001082048,2.1812362668765553,0,2.815681082558804
3.161214408785492,1.8645060333831336,1,2.420843544389566
2.15696695572111,2.4339037930168073,0,2.1883529427795056
2.1932371303550324,2.8245966441474155,0,1.5068154267448934
2.863415744362075,1.8724703381278016,1,2.709537396282979
3.2660065636430975,1.65880684531907,1,2.1343401528924066
3.0258714965399633,2.0425766850954106,1,2.9964909329210894
3.1182217868993587,2.047103390372917,1,3.1615219800990073
3.2072118474833418,1.964941391322241,1,2.068072129680518
1.3600236869280584,1.8524292657481385,0,2.227556828181283
3.1256780715618495,1.8285586180425177,1,1.5145964684093376
3.2006526707376657,2.160199666708846,1,1.780409916596964
1.2936668675670338,1.5884770612209484,0,2.4685065881607695
0.9118099157007453,1.97852022444258,0,3.3480262507120306
3.234474950530025,1.5889360366947602,1,3.3473005636387754
2.4771210705720916,2.6292555403982396,0,1.684359317377769
3.052013908299563,2.2086250322264966,1,2.809660165013705
3.1514389565982013,2.1865203692518946,1,3.3967428415828884
1.9442226557153688,2.3201815713417067,0,1.587534891004673
2.3961242029351504,2.5376693054980244,0,3.4796251983050692
0.839399473895133,2.107536085462886,0,2.254752749168632
3.0004992514731548,1.7937275911939545,1,2.3800909677851454
1.6846339910652492,2.0404692051247557,0,2.3228989410214975
1.0747925786925188,2.313526542225426,0,2.471241889022118
3.12791395313139,2.1944385064622,1,2.122030094167743
2.2373095841129143,0.9271837635615783,0,3.2487242519356574
3.190810675714412,2.0708959644485017,1,2.383731848917954
3.162520236172467,2.1750681182004947,1,3.101555493416943
2.971975677990799,1.8995844629549765,1,3.350886634626347
3.0489489275675647,1.9661416052581797,1,3.114196502103968
1.3052984400530507,2.0814485932476945,0,2.341860294030778
3.1827946388997743,1.94838529576065,1,2.8496092999406937
3.148008728723987,1.8026842601169106,1,2.148337752507869
0.704258857399652,1.914753470621361,0,2.160686244793615
2.9094267631627266,2.144483980084091,1,2.9416618074223964
3.1098677034212123,1.9098755541356127,1,1.9220193877755403
2.2260258390507293,2.6156383648926713,0,2.8215390881771953
3.0336116060838765,2.0011591839763527,1,3.0843380813443746
1.8599723564145678,2.3551046704052743,0,1.8405730040526673
3.121814082610864,1.894443440100285,1,2.2164315261537455
3.260881269935914,2.2143140243055157,1,2.277915687869644
2.154510580162598,1.3541357852736626,0,2.028193555427917
2.9616473006407125,1.8770919754251814,1,3.4983060866392126
1.2525951086356382,1.889237839865766,0,3.091675846281354
1.6995139970315254,1.1156699121342135,0,1.8501777827605488
2.0508082472108233,0.7758856509285059,0,3.4985232131656625
1.891710150254276,1.5477989410092743,0,2.6860634438363205
3.0535735171109155,2.0288006355453017,1,1.9351162619592854
3.0493277358712896,1.905886889836044,1,2.1223440516972003
3.121510894160696,2.086303508678019,1,2.2097350321365576
2.0375673507943723,1.071178337662424,0,2.136144886892647
1.9549649146238581,2.420798149615791,0,3.1206875838532384
2.1666813398010345,1.2268742043765746,0,2.5246438594434712
0.8919882193729052,1.7815768706434036,0,1.840806696736403
2.354038452122458,3.1432879205679813,0,1.5503714547431178
2.0504046021597584,3.083563460383445,0,3.074066616915507
3.0576811334599134,2.1846054357476703,1,3.1298595621403686
3.2277893606186265,2.1372301697146776,1,2.169260878543634
3.19664657501623,2.0219713417479976,1,3.240758647621214
3.0830262258315875,1.9167090367980242,1,1.5153735061767812
3.017160812183109,1.8354284525556779,1,3.195785992637209
2.9974226649250637,1.9986261442198017,1,3.3207722516099225
3.079751465803441,1.892354129358419,1,1.5513864276447986
1.175849740117835,1.876275854535056,0,3.057038118461892
2.936598604343184,2.1662666902584338,1,2.6738194790918928
1.9686652344387585,1.1493534830429968,0,1.5035129257653923
1.5007208577478992,1.717232598262437,0,2.1172846440177664
3.1858707117669605,2.0976448518169164,1,1.7673894548240914
2.0587535765293046,0.9064881667154904,0,3.3915740192576904
3.1753819369681273,2.1818136078984103,1,2.830966516082768
2.72187294901409,2.0223213142519385,1,2.201760535170383
1.7366052239730316,0.951935893788042,0,2.866230453633973
2.849850210071371,2.1485850241164184,1,3.3253693164927878
1.8083114756931493,0.8030730619777504,0,2.35820645997156
1.8380720959071914,0.9665085823793061,0,2.3299187773994676
1.7938957700901508,2.394833210697105,0,1.5115067479533808
2.0243835266168597,2.7886320754849505,0,1.9652079571009913
2.4676367553490683,2.340861577076987,0,2.775264141139444
2.353832036216386,1.0592473043685886,0,1.7287521683009033
1.9261812535610154,0.9470260214051425,0,3.194491450556808
2.8853753197562995,1.9285169297849714,1,2.6018662546932636
3.204881865800798,1.7588538034215204,1,1.5807337266092267
2.9852726157537846,1.7306025898123965,1,2.2769139634748665
1.4758334999104235,2.828386313400807,0,2.9742645676138215
0.8549315548460389,1.8163499248535537,0,3.301158153088031
3.2555772108473575,1.863426994470272,1,2.143209578411228
3.221992060909689,1.873421918386265,1,2.4794687014629733
3.1816689804291194,1.8358258458747656,1,3.421333287142536
2.1943065614302077,1.6569089569224076,0,2.286371952029957
3.0910518532011713,1.7447501212568874,1,2.016694876352039
3.3388037347864126,1.9118393046020152,1,1.5462812216144994
1.6804659010773881,1.1084325886935997,0,2.4420158407071373
3.1045714620880944,1.8654120490758115,1,1.8411036344589564
2.842349177745491,2.0354213614818653,1,1.6416678379656948
1.7941162592734747,2.370198613078104,0,2.559158919387464
1.6999006026183276,0.9966765088425446,0,2.411653931716158
3.0838932072384933,2.240851693712368,1,3.431855628243224
3.2813845970835906,1.996357025649496,1,2.5633105167865318
2.366310108657606,1.3746293110405847,0,3.1665138582487353
3.2000828408956794,2.1475604065855345,1,3.3548685729855636
3.2230348597458978,2.122595930560749,1,2.8549059161344474
3.08782102237968,2.1253000153047252,1,3.306294126980436
1.8366851826424453,1.2332767769129598,0,1.8104028337274638
1.754777559675698,2.8963874412272164,0,2.556666436274507
3.1274371845430387,1.7219401638171314,1,2.2549795533198624
1.6888801779290012,2.999610680509849,0,2.697549175484092
1.2379527064656033,1.9633828603636168,0,1.7972076600804714
2.385228738184435,2.072082378839437,0,2.260121501935518
3.064915329931961,1.9705860183984594,1,2.0353752770486953
3.1051307026807113,1.87180630373674,1,1.880648864947794
2.0246851967826274,1.5196441125196052,0,3.367601280441418
1.9959508325786197,0.8826867213132299,0,2.461405407082148
3.1223170952210957,1.97431155427626,1,1.5091653932587386
3.062653951707899,2.0471194244676,1,3.1796770709347273
3.070826277270284,2.0998816735559585,1,2.9919337766172607
3.166875831284387,1.7416614599063722,1,2.8660647303675924
1.1876524050493107,2.2655694448966974,0,2.4601471635038745
3.030941150101502,1.9958045878269526,1,1.8176335299872912
0.7223726121821239,2.076615126702295,0,3.3912390649513857
3.0693805346690928,2.467652169381207,1,2.9693148169132106
1.2686066292287799,1.8105266812504006,0,2.6168680296916405
0.818241753772332,2.515813371862189,0,3.445858473423224
2.09222200934273,1.444721163761789,0,1.9201456762108424
3.0206625431343017,2.1166394092688408,1,3.2606559264581882
1.947166269812041,2.824896225643753,0,1.7376555561898535
0.8538391236415219,1.8944236046550473,0,1.6360767091735495
2.561989332865264,1.5240144197143946,0,2.746503470378716
2.101548922248324,1.0754136258297595,0,2.162042294878298
2.365147556247649,1.6563948155767354,0,2.841683443485021
2.985909900336229,2.08564114909133,1,2.1066400408388057
3.178303095266615,1.9185197749435494,1,2.1468710870835643
2.2193001880356444,2.9615304871649357,0,2.944041878780664
2.883025269468897,1.930238608069849,1,2.5853600491296898
3.2148156241562527,2.221658044295311,1,2.932067564300508
3.3166515117969917,1.7491393211281472,1,2.1261095472304525
3.0584665966346796,1.8992418816112884,1,3.0961904122292454
2.0339811231613294,0.7685166065047899,0,2.465072796739569
2.026522065887554,1.6432590243165786,0,3.2112767567175706
2.989590451979723,1.953359372547336,1,3.370562507703851
3.219464554996317,2.249597941971215,1,2.3868818363137247
2.1286449500991718,1.4079316821789432,0,2.0781358152729803
3.157202925187043,2.20482896937894,1,2.6250040899160423
2.2278544662458324,2.7124724103224387,0,2.896793749188574
2.9590652249119063,1.728755700725073,1,3.242831739963968
3.445891987895161,1.7900986751226844,1,1.8846304616631595
1.9482118100177541,1.4650979812460017,0,2.992105487207936
1.8621917301379267,0.9450466891605624,0,2.3885937169396168
2.129489488891279,3.02190264043535,0,2.0910860349674243
0.9992788477243438,1.823218504463208,0,2.4611406775754494
2.0379138738639235,1.7816786997174854,0,2.9796049372737166
3.1015031727610856,1.8966958349832148,1,2.6952799434337766
1.5564434028897718,0.9840467374815873,0,1.741308651043891
3.1060784413475515,2.1141761058577457,1,3.2944479959406836
2.3757622193087693,2.566294173544004,0,1.7925038765640628
3.1225203480934307,2.106872264665071,1,2.5230769220728115
3.1709718179901683,1.894563284294065,1,2.0647790387468463
1.9923337787025663,1.5518187057778094,0,2.1819536010913407
1.615871194251115,1.7264382545953092,0,2.9089952447126235
2.155297706140737,0.9822768560539603,0,1.5190185531747855
2.9118758519506596,1.9167474947683836,1,3.403983781880324
1.8075555214331143,1.3295767634021822,0,2.90442495155291
2.9210539943471296,1.9410910642361274,1,2.665789742454399
2.0768511817082835,3.1579933017781374,0,3.446245937587584
3.2123923835319177,1.9103781712963395,1,2.168669018018523
2.6168621389820967,0.869037490283495,0,2.2746224780857984
3.052335865897391,2.0174867768018694,1,1.7736428081609563
1.6273260399352312,2.462323865790409,0,1.9839358899679302
3.1153968292809497,1.955330576566406,1,3.37192744970065
2.8741378299153753,2.125991680961304,1,1.8962539181078004
1.8823675540603526,0.7609455155603644,0,2.260306613074758
2.0625148423842656,0.5874795394727128,0,3.1774622248453745
3.124995684296776,2.1589925254643565,1,2.8119900557717616
3.164852907130051,1.8924227148916293,1,3.0982003472974164
3.0361273002450173,1.7514284622301544,1,3.3191981472905363
2.2992896230760733,2.713961729278519,0,2.1902927119322833
2.2266997516232943,2.733433518612319,0,1.84556063985061
3.1081077494269,2.018832287997672,1,3.1096980584849385
3.2902874853471205,2.073711913453329,1,2.1199710113369883
0.5446378759957572,1.892891239758017,0,2.4825961330618673
2.186542988665159,0.7289325840328631,0,2.6758742105996225
3.0245254721430466,1.8479591236468298,1,1.7284461773419875
3.0314512249262155,1.7887659847538826,1,1.6920875977786716
3.066997295851049,1.9808889691415061,1,3.422020240023757
1.3218934143298036,2.7091617483858084,0,3.02227891748543
2.23935313396873,2.2421989685019827,0,2.2912856429739055
0.7599884306807061,1.9809426276153934,0,2.4928559908122554
3.1660741744245007,1.9887459499404798,1,2.625525153148737
3.1940315595293534,1.9926851522235327,1,1.7152742540248274
3.105305712563296,1.836993378292291,1,3.1217809154457568
2.9989314841510786,2.143630574491965,1,2.9831160659760387
2.8330841611864854,1.9200493877260498,1,3.45990084096095
0.8185766006385362,1.3383301828702794,0,2.7514499203088407
3.060318115194292,2.0548639979139374,1,1.888964717817597
3.1858667959232654,2.05955700048236,1,2.2511723914216955
1.4286573123440702,1.5577603603873684,0,1.7867045245263349
1.3584288585630813,2.2683941562721617,0,1.5639539251579033
2.846908138053825,2.1246816654799634,1,3.2422148140624305
1.7034226678547248,0.8689232048352686,0,2.4432050018439453
3.0184869355335224,2.189578390864458,1,2.544307683409456
1.0176952664768792,2.1340617502408095,0,2.109824161860029
0.7710141687464256,2.011381350634281,0,1.8959620548330232
3.1560480108431723,1.9606136511026566,1,3.3040894558616456
1.6831907600099998,2.7229164624634654,0,2.7849140634951572
3.162063130442108,2.036367527095373,1,3.0080696389638115
0.7298137796056394,2.191517577682515,0,3.428544181018693
3.2639438666345004,2.145569395536,1,2.4088861757711943
3.163187106803647,2.127025991820375,1,2.778634099735672
0.4686794340735727,2.1414627141254616,0,2.0451169026552476
2.9698116305873272,2.083570642760522,1,2.2297101465101443
3.099725686173385,2.020997314448203,1,2.5701917098992686
1.1646651505952093,1.9235132619338906,0,3.467673604393673
3.466188376789801,2.091426484431866,1,2.5664135760084403
2.223983409380647,2.8976733450361207,0,1.7026668563619227
2.902630388767279,1.9301073532891924,1,2.9028167964200557
2.854911556141107,1.9362752978711542,1,1.5572005534870053
2.616847546602143,2.0593398252144413,1,1.5263734907113293
3.3340383294296396,1.7072595630675669,1,1.632489789636888
2.6839277590099124,1.973057041789155,1,3.293586397566268
1.9223611811998693,1.679594151151415,0,3.049693971511206
3.128211003548766,1.8723229276328772,1,2.2486620708364553
0.6409634060721066,2.2681093068167333,0,2.957073995900721
3.120854303042969,1.9932315664513922,1,1.535638934503811
3.042814406909069,1.968925746635894,1,2.848522566425016
3.297451725627928,1.5637008883279244,1,3.2147948540861937
1.000062119475459,1.9972099036584157,0,2.1132852021271304
3.0451484376204223,2.0756406122057576,1,3.422622492601521
3.2679531667830073,2.0424579743387983,1,3.1833107352246914
3.0537676107758758,1.9479875163487637,1,2.4592682292508368
1.801212872316246,1.3711796005779477,0,2.7721317867101964
1.685926705195418,1.3609958257581858,0,2.3086717993385273
3.2166696446316574,1.8901550675394367,1,2.225928807186947
2.087269117277002,2.201340465864478,0,2.7784811777937035
3.1919898316991717,2.1706665171002992,1,3.263411195011046
0.8406357116177204,2.145162995356412,0,2.6009395023272877
1.980176060405805,0.836695140071263,0,2.1881144595807225
0.46642372479804495,2.0958955477756933,0,3.1500920563169506
2.922819824027668,1.9066079150061022,1,3.3856023928686954
3.1705020491869993,2.0155072994318144,1,2.4265575718905446
3.1965503129533737,2.311601515935493,1,3.3574761606640653
1.960722258462162,3.138471934980651,0,2.130805794463355
3.0911750718802717,1.9668602412590581,1,2.611482601244746
3.0598151898762254,1.8936832695917754,1,1.7777083441415824
2.2526891981041706,2.8069587935672122,0,3.176747229358396
1.8165446591024155,0.7780016709455333,0,2.9562044420776017
3.2054880742143923,1.7339337301696223,1,2.946147350913778
2.0929684338141903,2.41792433542102,0,1.8295131917076835
1.9950168973022273,2.7682543727506905,0,2.8261168145471225
2.8308712200175847,2.16247178189911,1,2.8505669626992387
2.999140962351025,2.050474968323135,1,3.2127025732650285
3.0343394016393512,2.0272984823934195,1,3.405670734069451
1.252220344638865,2.062340752205994,0,3.46867077671474
1.8159237183911616,2.858872282200016,0,3.2002004286665953
1.2488424525795245,1.941852158368159,0,2.671926009970144
2.952033925135113,2.0775237898736676,1,2.7139401188453016
3.08890228276956,1.9386019678119972,1,3.2545527064505
3.3805208039231958,1.9251197002586105,1,2.551528090276965
1.242136778991193,1.7079361400886595,0,2.6463218490654796
0.7794089617954143,2.216443797127203,0,2.861828277683296
1.579218418460092,1.7248730229560816,0,1.8488974593440137
2.9680423957923168,1.9738599448299612,1,2.4368775477633475
2.626512411434218,1.1581231115534478,0,1.6814084259394189
3.1141791351382704,2.2709133676755444,1,2.11562098361961
3.0138097212724912,1.9496332073389366,1,1.8648806022178674
2.183832171518771,0.883975331047903,0,1.942910591007183
2.8239600422806648,2.1992249080936,1,2.4549745431572294
3.0951928758754432,2.005028705358288,1,2.075878322543986
0.7805104783274416,2.5671322055467347,0,2.5319523662991195
3.1687583514935604,1.8342837989537726,1,2.2528899246368272
0.42765773263678275,1.7418844967661493,0,2.6968516024058813
3.1506223112089597,1.9605038289683125,1,1.8767677689010311
2.2649329331441477,1.1766488408961593,0,2.9346766100484323
1.1277530975889487,2.1254617267663916,0,2.7949867567845565
3.4202981685963936,1.9495182618186333,1,2.713188882803668
1.163043813601028,2.059943130115614,0,2.387196125363256
3.3771800493553155,2.1785794465576513,1,2.230352942158853
3.313593076831175,2.2120654472436887,1,3.082851728561142
1.5497671130437605,2.24424552863548,0,3.151463144696978
3.184674730607125,1.8257373049735384,1,2.4892541009790614
1.1272200584555354,2.011834114472222,0,2.0646439895944475
2.934048376438434,2.015248364234904,1,3.2052450490951645
3.2783209361789734,1.9002431122995331,1,1.7680592524027583
3.199380405009792,1.876571614772235,1,1.6024676413093473
1.6927439527012385,1.7562277699002564,0,3.125669889194172
2.9683773966766553,1.7889369207823975,1,1.6251896241147603
1.007616526162723,1.4240980531407033,0,3.4094636781614875
3.241632226037772,2.029274307071273,1,2.0033839018763926
2.8806973706983334,2.478001590333131,0,1.9414419491623751
2.363929309993755,1.2425150740919715,0,2.028954318275372
2.4507071156288083,1.2222284341259324,0,3.420054323750029
3.075027162357768,1.8543215196293013,1,1.8660805582987332
2.173121638154162,1.1390863841871022,0,1.897043615203443
3.152442299654258,2.020024912859206,1,2.2299720595479045
1.204615619713786,2.4461738466007783,0,2.4830008901650626
3.173026310345124,2.2515859389461683,1,2.0036276003539664
1.7373145239845729,0.7851600807106991,0,1.6085069806925658
3.0897330261000375,2.0043163346121498,1,3.2772840186417316
1.7684777556209652,2.650611445954647,0,3.4328851268577503
3.1578624952272545,2.105398999774896,1,2.2156841091191017
0.8325094738161909,1.6699537301084915,0,1.661186937354108
2.8347914921238404,2.0029318767197273,1,1.9089012997839225
2.0786200427260177,2.2151314846736896,0,2.51162122657051
2.9762558970113138,1.819877150024744,1,1.5961298963629256
2.843473734791231,2.1555757208798005,1,1.6019455575294694
1.942738334134046,2.740541297086084,0,2.3603665826080586
1.1996250471075336,2.582365230939125,0,1.9676885129144281
2.789179732585527,1.9692601288637588,1,3.1821314343964264
1.639911077883267,1.0996496292477154,0,1.6675943587970736
3.020534844111544,2.120728390727012,1,3.0342647566364462
2.104502521773838,2.530650980072311,0,1.5659838750290638
2.376621082837969,3.0837608931052434,0,2.220707510070042
3.2030161105755033,1.9037267894083487,1,2.1867080177801403
1.5485838877906994,1.4280167891068807,0,2.204965146328073
2.221539973998623,1.251410484356991,0,2.9890034357154027
3.2012705584610384,1.7425950127533967,1,3.3353581205427556
3.1737168266341604,1.9656378453617436,1,3.2464500192191004
3.113675221999966,2.118230621119578,1,2.9652432217075533
1.6711339025394305,2.7796385854901553,0,2.094855650702213
3.102418718185071,2.0214959457500004,1,3.059057649973151
3.034631540556455,1.8737825728806488,1,1.962620124751828
2.544022309554627,2.6971363415327305,0,2.9530032429974913
3.2624499907775304,1.8385428218896913,1,1.941613293825228
3.1002965267133717,2.2299310033454467,1,3.478642488515674
3.2652606792679313,2.0737990230254746,1,1.6783303107171308
2.5180891553700215,1.0801091443156192,0,1.6825891898947647
1.3350501326589863,2.0559248509232138,0,1.6587049329852854
3.043536616811771,2.047410180459493,1,2.998683563331669
1.7002093303115267,1.0485675236315348,0,2.109555025602888
0.9212021439051497,1.899083916376659,0,2.522370378778
1.8307411460418541,2.3517886620130746,0,2.5322568705952504
2.2613891892371734,0.7962060959259754,0,1.5522879580429787
3.072739969357614,1.8587927770791102,1,3.1527013079730413
3.103163912177588,1.8303399146746118,1,2.9803714844741593
1.910787176227068,2.7260849792456354,0,3.033445864006352
1.7772588242905856,0.8039932466337882,0,3.3640931278579576
2.3542969715917015,2.9209823689111514,0,2.892576488462238
1.9372930228141925,0.9448438637372099,0,2.642513868035863
2.2067493371223006,2.5949097153140834,0,2.4953894557358867
2.191415330432227,1.350253342483337,0,2.8586639444356714
3.1990514581844023,2.112131918867969,1,1.8456041706419504
2.9318298980863116,2.2070208408302774,1,1.755820246874475
1.8551769433453902,0.9140014175223863,0,1.8793274753499871
1.3662463896439143,1.7369678656364465,0,3.4374221582278413
1.324807316166122,1.8586626044546364,0,3.0122376568532534
2.9368376986969498,1.98141614551472,1,2.967577209861525
2.90729083503738,1.9503463498687879,1,2.9696935818940697
3.2149582714858598,1.9379157586587714,1,2.1339838290015596
3.054685443846309,2.2381100903623303,1,3.3351631382971476
1.7982543211980992,2.866981250776078,0,2.085102823454851
2.154465078822912,3.04597757579057,0,1.8468050261875266
2.932400948660315,1.9937763343133932,1,3.01898365092197
3.20623993294861,2.1163512949423535,1,2.155590926616695
2.02597693624187,1.1532968293823762,0,3.220383703763992
1.0448090446813567,2.1092420888163983,0,3.2502406994959774
2.238046616165664,0.6754404080285458,0,3.0263371132296646
3.347585944484927,1.9056181775705836,1,1.5458487219682207
1.2935266336084106,2.1566427637801806,0,2.5679909745163894
1.9007675311930843,2.6469517559049347,0,2.45280637195944
0.8470579920427352,2.0103323035117526,0,1.5960695056564944
1.1137459356178372,2.369066652695236,0,2.3891007814831458
0.9853308449577683,1.5784430459589274,0,2.7211406378485927
2.7835242639061537,2.200898988422,1,1.8826564307124725
3.1270106556543973,1.959060001966173,1,2.7366440856903713
2.7951469353552425,1.8017666320233423,1,2.626757134661708
3.192019024850776,1.9951244160413466,1,3.478531342159089
3.0590489877966123,2.0877531998431698,1,1.6712388193263235
1.872872095393189,2.6639757674848434,0,1.6301932147610068
2.1320043350159996,1.0493837326942166,0,1.6551040774108592
2.3112619832773698,1.046995080343576,0,2.683527799170421
3.0614421386780406,2.0416328770240297,1,1.7930881775597265
1.0571271669775173,2.1347656163855104,0,3.0363043545015636
2.22600248633136,1.3143475154648332,0,3.274902570857644
1.951960161330008,1.4014020229351396,0,2.1650163324409437
3.164321677064951,1.781593025998035,1,1.8182424244671296
0.708962721886107,1.8807326703524836,0,2.2330693735819396
3.0273612472103757,1.9931106756889758,1,3.4527121068710667
3.165872520055063,2.124976914690527,1,2.9794754137602584
3.1091178058751954,2.2889428782283088,1,2.293563195968124
2.327632035194728,2.635628408737919,0,2.4629018105217213
3.108204229806194,2.0662129639839426,1,2.5702727456703647
0.7014554554439862,1.9455490513593,0,1.9568069991328942
0.9863463264096274,1.872729099980587,0,1.9069020341946508
1.9115150965123917,1.57432262180212,0,2.6887619720849454
3.17955537834982,1.9820661865060405,1,3.3422674155566408
0.9429882894995517,1.8927663731568718,0,3.369181945616284
2.068248762719616,2.990790325213521,0,3.103168587588767
3.3173230162506573,1.9527377108136614,1,1.9996271240561185
2.1159147961544185,3.0513292664639766,0,2.9389309134416877
2.935162561790771,2.103114013268976,1,3.1458593755036226
2.438658781615291,2.934590729354358,0,3.2699104215098975
2.1438522644004827,3.018682358371135,0,2.0124329163657513
3.082965615281432,1.9916221726020784,1,1.8517568827262423
3.0588034375950555,1.9314172191021206,1,2.9749280561128764
1.3701931206742923,3.004966904436642,0,3.496059744332989
3.0466097624369546,2.247181640867551,1,3.3250673063751433
1.6130117300776838,0.8114763683809152,0,2.7219200932868484
3.1290109550784577,2.0089537820869605,1,2.3661055517390874
1.1499592371221115,1.5802081475594176,0,2.6260697189016673
0.7111802304146163,1.938016616091186,0,2.0217704686318436
1.7502933280687314,1.341424666915921,0,3.261856354718047
1.9812055333634535,2.8723720745220187,0,1.7714654873967033
3.2084495401936484,2.185660715862384,1,2.1512422384534755
2.1028176039133113,1.3370259657461352,0,2.3012669059316537
2.024731925880351,0.7627345501605207,0,2.207136290548287
2.0628410250943316,2.504639784855409,0,2.476309262789486
2.9576570758346983,1.8639645687916908,1,2.1239771349024723
3.1177525301685156,1.879495935085146,1,1.9142269705324615
2.8924988834542584,2.135259304571041,1,2.192930439768534
3.076686635120836,1.8266438637624627,1,3.036488891056353
2.906577911918547,2.0087674221058474,1,1.6832275527219158
1.9673719554629427,1.3205135166296824,0,1.9295240685951827
3.032663741903049,1.9390834464464894,1,1.8492159334888127
1.4889852681934537,1.1833356903310144,0,2.696473686971813
3.2701959549731585,1.8992124034302513,1,3.387705673011925
2.9637246232731713,2.0906161183158565,1,2.6062751213210813
2.9915747807232624,1.6736676834518645,1,1.869468895079846
2.647216484414831,2.2368417639076963,1,3.4815376850360993
1.3692623539464206,2.5055042836125527,0,1.9833198609162688
3.254059064030953,1.9028191565530217,1,2.6023165418356555
1.8739439548712429,1.1154646173418479,0,2.7683956922570045
3.0577232725904353,1.904468528869035,1,2.561713373889443
3.2730254274672315,2.174386050228176,1,3.0822043011571694
3.220740008609849,2.3285625501782636,1,2.959431616548109
2.154080031970915,1.0401897481014266,0,2.2174011380458225
3.1350797651513873,2.1747486323845884,1,1.927116416553706
2.1051890297820677,1.346756139044299,0,2.6574514544915186
3.224025794606367,1.9843986158412958,1,2.430905171015932
2.9413727994559853,2.0935013451012243,1,2.0473102332136217
2.949905594127514,1.8717356788386192,1,2.133290333487502
1.400333327941625,2.8102088759040043,0,3.4286460870474587
3.1887701786717524,2.1888925567154254,1,1.6199764808098454
2.219287692912865,2.6048020517894845,0,2.288684106134341
2.791125927446152,2.119775200686083,1,2.2848662440260217
2.9464510380803928,1.9571470177861605,1,3.064314870180362
3.2612832311772877,2.1570914612839194,1,1.900716536697096
3.1212393680109827,2.0712887907075967,1,1.664470453700651
1.2788994196698409,3.21773678244492,0,1.839552752938556
2.033160595242182,2.6121054171450977,0,1.9556769090803119
2.944659391593191,2.132158833808615,1,1.7115158848466305
0.6120575368724057,2.1717170933527026,0,2.535161732644147
3.0567905802473083,2.064653443701634,1,1.839871280439125
3.1024561362896943,1.8519585895247666,1,1.923039072513841
1.8334401419920405,1.764347120832177,0,1.8573963515664957
2.4983777643643608,1.0628711230241183,0,3.411065587190105
0.8670867936614554,1.856152109780227,0,1.910689205790046
3.0987458819092817,2.146375533743573,1,2.6295128568743373
3.010258099870323,1.8696848683140637,1,2.55025664178861
0.8920694062632742,1.6021856941753885,0,2.6662648436178653
2.17296708891673,1.2933750463630609,0,3.370682530970091
3.291202577451923,1.8296546142863257,1,2.3666956200072518
3.2422214425708074,1.9541068352702613,1,1.6991531646787779
2.2335083228499912,1.03464428510144,0,1.7470772801589916
0.8180489835352781,2.1367712585512106,0,2.204484232782586
3.0254024280463496,2.0441123058189823,1,2.0227367670974425
3.054659591187621,2.079630074310072,1,2.4498223627440447
3.016125424741119,1.9309539856138456,1,2.1476754396527307
1.5855224844609257,2.260535578177268,0,1.6970514905404603
0.5401898320330207,1.941115804583619,0,3.446054263039702
3.0055608652204304,1.8151116403746628,1,3.2638056029060887
3.4449953686579713,1.7837987381426945,1,2.8831333699973145
3.1209477511323844,2.009753694678317,1,2.8261020822035414
0.5692271428394418,1.6052552550717478,0,2.900369467076681
2.298880045834142,1.0518730250516062,0,2.2448686460240976
1.7081706449719998,2.921986610266802,0,2.3519954234215783
2.347578673702221,0.9537953044944868,0,2.626392062452944
1.2050707969601433,1.5902132866398397,0,2.957252347950865
3.0530984245520085,1.8806016634986868,1,2.2138714009710183
2.473871643719214,1.0431419918540195,0,2.1518665987696677
1.8086780047246052,1.0407009134994547,0,1.8850232809770604
2.9354284195344307,1.9065992350171426,1,2.4456503905833724
3.155630168870654,1.8512998411648625,1,2.865654593325033
2.950911860623691,2.1729369884307213,1,2.078406580708069
0.8392595610843107,1.487792612722116,0,2.014671402749424
1.2691198590661397,2.3824625123836167,0,3.3677662475152492
2.650980976424163,2.372895208934823,0,3.387835316413641
2.762725519825052,1.8312355509465457,1,2.365818290773885
1.5547830005226995,2.7374595368378776,0,1.9688409437310581
1.5177550296316318,1.2553901575596913,0,2.845733296201069
3.054567213430151,2.2019149691771385,1,2.5301578349600375
1.5977546059504355,1.7700030236649957,0,1.8621003613463465
3.184236020585666,1.9701996299265645,1,3.429598113256918
1.7884964432724773,1.1832692767026882,0,1.5426104585054565
3.0449466077917537,1.941438622036755,1,1.7544723527760513
2.1054344622624748,1.5210450714949282,0,1.583068225942794
1.1886825105191674,2.611034634290857,0,3.233634013407819
3.10689414040734,1.963612544556531,1,2.912595115070955
3.1852410065729178,2.1629571066808757,1,2.4596743861424915
3.3122806790052737,2.2762723414079913,1,2.6826585602994206
3.046239463673067,1.8162500167009925,1,3.1450678917587203
1.494968542333715,0.9582389800511433,0,3.389762752745805
2.41729170740042,2.393208896542011,0,2.64045310818895
1.9724881927564621,2.5336691465384376,0,1.9362022478525462
1.9230977964882523,2.638585672452958,0,3.265945060285201
1.68655724179369,0.6100930231871995,0,3.393945477693346
1.3809790542561635,2.7047948523272396,0,2.7388394044210855
2.960032136697079,2.1010209194237346,1,1.825906540957475
2.177930377390515,1.107136068205803,0,3.222236750009518
2.965351092208742,1.9043768847762483,1,2.9060515977808232
1.7280149459036567,2.129887947608209,0,2.736265506754943
3.005465188953034,1.7644287431948045,1,2.2408207505046622
0.8175320477665722,2.108934688323357,0,1.561651701866488
2.428191609286765,2.6741695742024345,0,2.487388765236118
2.9269776203667037,1.9444945081147704,1,2.2320159869795604
2.292559288934729,1.3503282509819536,0,3.183611153683855
3.043654950892399,1.8042774664350576,1,3.3379389104510144
3.213847254319017,2.067211751151934,1,2.9585509018535054
2.318797187236258,2.687309900270339,0,3.388971542452687
2.14901424590337,1.1585207096486445,0,1.8633230067667068
1.9678093567987314,1.3343150777430832,0,1.816977726666411
3.12492109196175,1.827538781694816,1,3.4223610549925763
3.268140476860937,2.2354442880409238,1,3.2303387204546867
3.253245282074141,2.2154552051365632,1,2.8935967063141907
2.010225040477768,0.9690080306824074,0,1.7802924359539474
1.9627142668512692,2.736584731054609,0,2.8660687118636514
1.9982135872361813,3.0352008337932244,0,2.486938552140314
3.252344182599171,2.0281189073133365,1,3.3953115940566354
1.6095236051590007,2.244094455130729,0,2.184212113641629
1.6302706282508,3.0857385911608506,0,1.774149260094253
1.6910083175669193,2.813823766489945,0,2.783736242349562
1.389133849143219,2.814248040475493,0,2.7807968887745007
3.1289292764725287,2.227763304597827,1,3.180266704210643
1.9892521882670144,1.6693930967442019,0,3.1756758286699895
3.0914817106170585,1.8664346370586007,1,2.3675224884143096
0.7653989522466889,1.7720890647559138,0,2.145035609253556
2.096955644737462,3.1851450579560683,0,1.7075283660130138
3.0114678081699267,1.981925387915096,1,1.6047678288402434
1.4809211808546965,3.2001657236501715,0,1.7979797053587185
0.9665473518571169,1.7585100557442317,0,2.2829442682524093
2.095752353125754,1.6021351338069434,0,1.9681608046911634
3.316984493687705,1.931021110652729,1,3.3721850518189798
2.723656423225739,1.884685038494222,1,1.8202670617099148
2.880253788084267,1.8997317633720234,1,2.7393194599269375
2.886002618378448,2.0748665760198413,1,3.2756049618552714
3.1025051300901327,1.9452300593306324,1,3.4788733377075163
2.0136474428992255,2.9675009269635115,0,2.811761328653268
2.00960124471973,0.973974638896145,0,2.8107323680767067
2.9421505795595206,1.9286698329896967,1,3.308176788943955
3.3517269883187306,1.9890545852178083,1,2.0526758847804465
3.1448799649133345,1.906460467950104,1,2.4217768220043343
2.940147595327065,1.7474401148578926,1,3.3445162860110145
0.6471479990335658,2.1462680891260155,0,2.9182888166977854
1.7894024936579733,1.0011297247347155,0,3.2291270060607067
3.0491033219292762,1.9937994192786244,1,1.5729758629080535
2.9208720022882235,1.8481033337835366,1,3.4681737327673368
2.337233815995804,1.4842579386368573,0,1.5032943159780765
2.657964367107398,2.240710251844228,1,2.137160648882955
2.8565537556994656,1.8179804959770616,1,2.82242794208275
1.9525083565971009,2.744843832052237,0,2.377952038124916
2.961261127642109,2.040316368372296,1,3.368596950316757
3.1330946206460744,1.947186837881918,1,2.0882008683172186
3.3048340555648266,1.9930255128310164,1,2.3882316495114666
3.121638028342306,2.0496175709807356,1,1.931719931785305
1.7571857536751738,3.0870109559156975,0,2.260670883480876
3.3077306640691067,2.0594941908832185,1,2.364293282667323
1.9920782729123219,1.284048347645882,0,1.5121288975296954
3.2431127653234944,2.182772032230753,1,3.0509893395702985
1.426824440829982,2.2778646206724775,0,3.3694915036616804
3.066890686456245,1.8000982338462195,1,3.3334705351630918
2.905340743647815,1.7806834317206879,1,1.5250421331467021
2.961726451551968,2.014998224564833,1,3.026323184014593
1.5508227064464066,3.184281873000018,0,1.6155508845000117
0.8179404466428474,2.1373059758160657,0,1.7546572641970413
2.0505382928808844,1.5952792606823878,0,2.416430114678046
1.1229288387878493,1.741673626947929,0,2.9856073559111502
2.9666710452946488,1.976037725301262,1,1.7844118714779744
1.139963593435038,2.4038677268608244,0,2.800661403425833
2.7813959386181724,1.8964981100278122,1,1.6763336482197424
3.080668393196687,1.9236359292032645,1,2.821041920322654
0.8284761874131816,2.0997822530972594,0,2.392474611710882
3.0113279755111586,2.0493023524244722,1,2.8658705759372403
3.143090877104114,2.1415573258634066,1,3.3807640989701433
2.089238615935345,2.8418493388442374,0,2.9367015577579867
0.5205626944348758,2.138651799824583,0,1.5797177549714656
3.039653496587092,1.5509440096009066,1,3.4402456015102323
0.34302348850643405,2.3583776661541194,0,2.138340304006384
1.6333616573324163,1.4138995290517165,0,1.8043727065105168
2.9248202039062434,1.9507437110874797,1,3.2051788676970485
3.1186564183451395,2.2397166343627637,1,1.7067006416920911
1.5401533544532562,2.3716839058818313,0,1.6222339863124722
3.2435957233890296,1.984086404698787,1,2.9288384337914204
1.987952614806697,0.7707674693645855,0,2.709143998909629
2.3519373912759924,1.3108926576594282,0,1.7281102488582216
2.099264069664337,1.4500586884826774,0,1.6848911981364127
3.0742489519112826,2.1647727314077727,1,2.520741522382192
1.9235068347737434,1.6511978965748066,0,1.538479816496436
3.0428854894207293,1.809580210098078,1,2.198283457687991
1.9963259681459256,0.9308236885542505,0,1.8839854999984829
3.0214443575665713,1.7951306107923584,1,2.129889138814183
1.1866621432130207,1.6583500646657692,0,1.8653808202392206
2.929445067527877,1.8767277757367982,1,1.9500694101135088
2.9966085065271417,1.897250577481041,1,2.0383069466438988
1.1296788851902466,2.1410132562104605,0,2.9515270743349316
1.0021189475884529,1.801903658157966,0,1.5711792709388865
3.245169170350514,2.0598488236252543,1,1.914506399047542
1.0787683987005774,2.0580769734102633,0,2.1688148992553855
3.318310200658929,1.911797222144455,1,1.615599179530968
3.1499140717955516,2.083974267324209,1,2.445007368108203
1.6437204742911462,1.2929462130681082,0,2.5971343508995552
3.052025160380788,2.2401361987833375,1,3.068402052654327
2.5569942309685865,2.6554702086719573,0,1.8691472616432698
1.830327089637803,2.6586052836546643,0,2.4498081748530884
3.3861236008829905,1.8533953823774434,1,2.1582743773307747
3.3082996780153726,2.0213566868765698,1,3.386885673205292
1.7900823476022243,1.2641939732202665,0,1.7830131471809758
3.2765813181125374,2.2751201846543587,1,1.6205344308436844
3.0659586300793116,2.060000000842035,1,2.3751987784984743
3.2029851620129763,2.111161067102343,1,2.975709439042792
1.250178285537928,1.8872827717772225,0,2.212978849930037
2.974326540824833,1.8732945501945526,1,3.2798334442656305
2.0422658740733612,0.6694681903311445,0,1.9842941349126209
1.9462246923929265,2.7669983503896844,0,3.28890387200455
1.697465380235795,2.1742306366799986,0,2.830857949691254
3.259325117138299,1.9514727579823314,1,2.7959229150144207
3.2040735180788653,2.1749792504331507,1,1.6059231425528904
3.0662980147555197,2.1612531821766363,1,2.8102854038002523
1.9785196221757808,1.1888333290470474,0,1.5728662050540052
2.155430510608993,2.641239697056546,0,3.175116486831109
1.7005079674126835,2.955637905235516,0,3.001002982084456
3.04360246309722,1.9158366303528505,1,3.0735592137370684
2.885332878584312,1.9894955334787934,1,3.474115414996836
2.8988110409144894,2.0807754734958563,1,2.786632553314738
2.160309469590915,2.827328081876774,0,2.8114388445248863
2.7673613380961846,1.8247733258224699,1,2.8583820356341887
3.4499524627379032,2.1943891792360626,1,1.6601989026626185
0.7807131172853581,2.227376554977086,0,2.9231116723298287
1.2140764687730767,1.4465707513125672,0,3.4965996107017734
3.1103627789086405,1.5784057525072874,1,2.8025517420243267
1.9938318327948479,2.8867551019356172,0,2.65341082806221
3.0789586621674356,1.94967262519504,1,2.8317451632479127
2.009447468678599,3.0070221029009834,0,2.4233192207010754
0.9978865043558336,1.9353171264295932,0,3.289175471967975
3.306191690136483,2.053952127152948,1,2.003358851367709
0.672350910184573,2.2504253978974647,0,2.9445128255285486
2.8562318111676213,2.012436777975806,1,2.306500107907698
2.115219634681792,1.190191575571772,0,2.539331692797151
3.136824802269147,1.9617219242728574,1,1.622111777676717
2.4603446305383545,3.1367122656109476,0,1.6177470500104318
3.331112856477516,1.9210276467807617,1,2.463917914002198
1.6432302604768614,3.1161957313548627,0,2.798587885350582
1.74294444046166,2.4621838117266845,0,2.130801261412342
3.1944040950143338,1.9551396372154917,1,3.418639821574248
1.6128315734161345,2.757022325390742,0,2.018063132849365
2.9640677001929183,2.021296987081101,1,1.5413539213866374
2.066640131490114,1.0563754135009567,0,2.126480750361206
2.7405876567504377,1.8981529480305301,1,3.4537308867325374
0.8746271362702328,1.392257638066587,0,2.054381083816218
2.9324588673846455,1.8428337580791352,1,2.236281539581516
2.086608088783957,1.2780965516313663,0,1.9702574140451043
2.176057128140081,1.8571366877429933,0,2.9655789587307746
2.307218757743439,1.3777580847603548,0,1.6277685105258095
2.8364696950897748,1.8096526134118252,1,1.9565118527967087
3.2468889616430445,1.962551669267162,1,2.958738473753744
2.9187276693596385,2.061812519730719,1,3.1626317165826405
3.1273147368723793,1.8446057107090041,1,1.741035228929643
1.8115568782492466,2.829680136108665,0,2.534174608953357
2.9454870917643357,2.3668654353670524,1,3.4543135820305753
1.9584463266178327,2.672832987303294,0,2.792787421617022
2.9870194327613544,1.9829611757447052,1,3.3363317806663932
3.1214032618302445,2.2405552783200395,1,1.6489088729121613
2.934807026524026,2.1098226839082104,1,2.9050384775930453
1.824075455333368,2.6140683615238367,0,3.050509900688233
2.923058111054151,3.208034770054094,0,2.776127137607901
3.2625374654664996,1.9499808960227343,1,1.5525939877786235
3.127744388101313,2.3602375491545526,1,3.1958616242362554
1.9337107478511009,1.2080657516983593,0,3.28081254949263
2.99700932022277,1.8731466032830217,1,2.0018792589352836
0.7019923901254148,1.6952363519030065,0,1.8545340319569041
3.0916155300079606,1.988211380604677,1,2.7531925195947218
1.7622437784701899,1.1655790675599302,0,2.710706006492165
2.8041866460034273,2.0432042552458234,1,3.3669036256343574
1.1524805919023768,3.1778713119308977,0,2.067581160597511
0.9014144572753047,2.180956229324703,0,3.044213571491894
3.2307333949432215,2.0490755829316685,1,2.8069911275645283
3.069524720652298,1.9759020070450888,1,3.1523523033539522
2.6724954836024226,2.0816873601190444,1,3.0114504013934416
0.5432922441346326,2.3338065124969773,0,2.6969506671261336
2.047138375697282,2.8528569467508076,0,3.259178033591842
1.3635831956159201,2.078375159370157,0,3.0380099741061883
2.0062381123026225,0.9815991176312596,0,2.778434845820153
3.1181185348751668,1.8874965977651423,1,2.253772981089014
1.8654371490416417,2.8715664861321217,0,2.42352336626259
1.9989192382728296,0.8524905932422371,0,2.6128596752779156
1.9097059062820334,2.6105688917550447,0,2.7025883118411693
3.026379030025537,1.8303518917271622,1,1.728289187674216
2.159307828468263,2.8446630411753073,0,2.417604899477178
2.8502312055543935,1.6997389748785607,1,3.1986277543338906
3.1886635796987832,1.9765386081810796,1,2.987298309536658
3.097514738526622,2.102498676727414,1,2.7023076695150072
2.1624388184614363,1.427746548090794,0,1.7367617841706078
0.7030126622343958,1.9894977169981292,0,1.9282295021591551
2.880924865087227,2.1786891022447747,1,1.500511259710112
2.045125671543073,1.3094883007398677,0,3.4780355653891077
2.3531554889553017,2.841023994219769,0,2.4410561549734355
1.1307926168500138,1.2403261744340943,0,2.272063222008253
3.3150437529731422,2.028717607393603,1,1.5697195799846992
1.9174844908545068,0.5094236505793245,0,2.294452798037944
3.2303197507458323,2.0034656519001097,1,2.319576556091941
3.0764462757332938,1.8184758584878764,1,3.05652455178871
3.4303020886989426,1.9465861927071417,1,2.609233946560734
1.3416852590539927,3.2798412820341367,0,2.375836805090107
1.5929321753546457,1.5307275164866847,0,3.4083496106968605
1.854390935651269,1.2245622418158968,0,1.8643802184250153
2.0650049356892857,2.7089949797568598,0,1.8793121705155127
1.9941086603219957,1.3657469863251444,0,2.5459428223709133
3.246280081252715,2.0553895666474857,1,2.306079399506861
3.005313829563895,2.0899176029482556,1,3.4444051055087255
1.7055474046856147,1.338631042278981,0,2.94461467447847
3.05768125852934,1.9053704733974888,1,3.3996539659184037
3.2282355883954605,2.0014093031863776,1,1.6264165974784033
1.9447562552950395,2.460946381154595,0,1.657118028264801
2.85426315113582,1.9610604917286094,1,2.6369565407321365
3.4081290761884104,2.022173110855479,1,2.214885504629912
3.193838695375984,2.222696279281476,1,2.7355338683408914
3.0323171759584184,1.9803799109409566,1,1.9425657421075582
2.50360240201177,2.2265078348044725,0,1.6319554082343806
2.1292587257045112,2.4172952020012803,0,3.123069975804385
3.3290218995365897,2.285383730784434,1,1.5245556729584573
1.9469158317517852,0.9605108266384639,0,2.8113650734053435
2.147895937554338,2.782744674098361,0,1.6030863700821647
3.085102849331195,1.9591359648603692,1,1.8480056413453467
1.030556888578596,2.464706045448556,0,3.4414841571832744
2.175178455597789,1.0922123727638822,0,1.592640691005372
3.311292924016888,1.9811380553756341,1,2.357493363293539
2.842160438056923,2.1570431801642314,1,2.116058766537616
1.7849533038191585,0.640039014878082,0,2.161732046874876
3.0449194098682377,2.0431345857750993,1,1.7220620599702166
2.9115151996081847,2.193380457711031,1,2.972859861564851
1.7025822951631078,0.5539829659188855,0,2.5221973516317373
2.695798861994508,1.3179953518183116,0,3.3651770220010393
3.1098682972973446,2.2494397170784755,1,3.104470512538016
